{
  "black": {
    "#300727": "#000000",
    "#6A285E": "#000000",
    "#9C5991": "#000000",
    "#9C59919C": "#0000009C",
    "#CCA0C5": "#090909",
    "#FAF8F9": "#181818",
    "#FFFFFF": "#272727"
  },
  "blonde": {
    "#300727": "#300700",
    "#6A285E": "#6A2800",
    "#9C5991": "#9C5900",
    "#9C59919C": "#9C59009C",
    "#CCA0C5": "#CCA000",
    "#FAF8F9": "#FAF800",
    "#FFFFFF": "#FAF959"
  },
  "blonde2": {
    "#300727": "#1C0E06",
    "#6A285E": "#633E2C",
    "#9C5991": "#99622D",
    "#9C59919C": "#99622D9C",
    "#CCA0C5": "#BF9D5A",
    "#FAF8F9": "#EDDC7E",
    "#FFFFFF": "#F6F6C2"
  },
  "blue": {
    "#300727": "#000027",
    "#6A285E": "#00005E",
    "#9C5991": "#000091",
    "#9C59919C": "#0000919C",
    "#CCA0C5": "#0000C5",
    "#FAF8F9": "#0000F9",
    "#FFFFFF": "#2F2FF9"
  },
  "blue2": {
    "#300727": "#1E032E",
    "#6A285E": "#30035C",
    "#9C5991": "#380392",
    "#9C59919C": "#3803929C",
    "#CCA0C5": "#3C07D8",
    "#FAF8F9": "#5662F3",
    "#FFFFFF": "#5792F2"
  },
  "brown": {
    "#300727": "#050100",
    "#6A285E": "#160701",
    "#9C5991": "#290E02",
    "#9C59919C": "#290E029C",
    "#CCA0C5": "#421603",
    "#FAF8F9": "#5F1F04",
    "#FFFFFF": "#792806"
  },
  "brown2": {
    "#300727": "#c88d58",
    "#6A285E": "#ae682a",
    "#9C5991": "#7d4513",
    "#9C59919C": "#7d45139C",
    "#CCA0C5": "#60350f",
    "#FAF8F9": "#301b07",
    "#FFFFFF": "#1a0e04"
  },
  "brunette": {
    "#300727": "#340604",
    "#6A285E": "#5C1503",
    "#9C5991": "#722703",
    "#9C59919C": "#7227039C",
    "#CCA0C5": "#934002",
    "#FAF8F9": "#BD6002",
    "#FFFFFF": "#D28502"
  },
  "brunette2": {
    "#300727": "#1F0106",
    "#6A285E": "#45070F",
    "#9C5991": "#650F18",
    "#9C59919C": "#650F189C",
    "#CCA0C5": "#841A20",
    "#FAF8F9": "#A22929",
    "#FFFFFF": "#CF3434"
  },
  "dark-blonde": {
    "#300727": "#300500",
    "#6A285E": "#6A1A00",
    "#9C5991": "#9C3B01",
    "#9C59919C": "#9C3B019C",
    "#CCA0C5": "#CC6901",
    "#FAF8F9": "#FAA301",
    "#FFFFFF": "#FFE01E"
  },
  "gold": {
    "#300727": "#f8ffaf",
    "#6A285E": "#f5ff89",
    "#9C5991": "#f2ff63",
    "#9C59919C": "#f2ff639C",
    "#CCA0C5": "#f3e62e",
    "#FAF8F9": "#c3b808",
    "#FFFFFF": "#9b9200"
  },
  "gray": {
    "#300727": "#0E0E0E",
    "#6A285E": "#292929",
    "#9C5991": "#4B4B4B",
    "#9C59919C": "#4B4B4B9C",
    "#CCA0C5": "#777777",
    "#FAF8F9": "#AAAAAA",
    "#FFFFFF": "#D9D9D9"
  },
  "gray2": {
    "#300727": "#c1c1c1",
    "#6A285E": "#7c7c7c",
    "#9C5991": "#3b3b3b",
    "#9C59919C": "#3b3b3b9C",
    "#CCA0C5": "#3b3b3b",
    "#FAF8F9": "#1b1b1b",
    "#FFFFFF": "#000000"
  },
  "green": {
    "#300727": "#000400",
    "#6A285E": "#001400",
    "#9C5991": "#002D00",
    "#9C59919C": "#002D009C",
    "#CCA0C5": "#005000",
    "#FAF8F9": "#007C00",
    "#FFFFFF": "#00A700"
  },
  "green2": {
    "#300727": "#01140E",
    "#6A285E": "#023E20",
    "#9C5991": "#027D21",
    "#9C59919C": "#027D219C",
    "#CCA0C5": "#03BC1B",
    "#FAF8F9": "#03F103",
    "#FFFFFF": "#98FF75"
  },
  "light-blonde": {
    "#300727": "#5C0D00",
    "#6A285E": "#902900",
    "#9C5991": "#E47100",
    "#9C59919C": "#E471009C",
    "#CCA0C5": "#FFA913",
    "#FAF8F9": "#FFE453",
    "#FFFFFF": "#EEFE7E"
  },
  "light-blonde2": {
    "#300727": "#764337",
    "#6A285E": "#91673B",
    "#9C5991": "#C18F55",
    "#9C59919C": "#C18F559C",
    "#CCA0C5": "#DCA15C",
    "#FAF8F9": "#FCD88C",
    "#FFFFFF": "#F9F094"
  },
  "pink": {
    "#300727": "#30051F",
    "#6A285E": "#6A1E4B",
    "#9C5991": "#9C4373",
    "#9C59919C": "#9C43739C",
    "#CCA0C5": "#CC789D",
    "#FAF8F9": "#FABBC6",
    "#FFFFFF": "#FAE1E5"
  },
  "pink2": {
    "#300727": "#330410",
    "#6A285E": "#71043A",
    "#9C5991": "#B60A68",
    "#9C59919C": "#B60A689C",
    "#CCA0C5": "#E941AA",
    "#FAF8F9": "#E976C4",
    "#FFFFFF": "#EA95D5"
  },
  "purple": {
    "#300727": "#8335ac",
    "#6A285E": "#701e9a",
    "#9C5991": "#5d0c87",
    "#9C59919C": "#5d0c879C",
    "#CCA0C5": "#440964",
    "#FAF8F9": "#34074d",
    "#FFFFFF": "#27053a"
  },
  "raven": {
    "#300727": "#010107",
    "#6A285E": "#030510",
    "#9C5991": "#040B18",
    "#9C59919C": "#040B189C",
    "#CCA0C5": "#061421",
    "#FAF8F9": "#071F2A",
    "#FFFFFF": "#0D384D"
  },
  "raven2": {
    "#300727": "#141214",
    "#6A285E": "#151317",
    "#9C5991": "#1D171E",
    "#9C59919C": "#1D171E9C",
    "#CCA0C5": "#262129",
    "#FAF8F9": "#352E3D",
    "#FFFFFF": "#453A65"
  },
  "redhead": {
    "#300727": "#300000",
    "#6A285E": "#6A0000",
    "#9C5991": "#9C0000",
    "#9C59919C": "#9C00009C",
    "#CCA0C5": "#CC0000",
    "#FAF8F9": "#FA0000",
    "#FFFFFF": "#FA1919"
  },
  "redhead2": {
    "#300727": "#ffb39c",
    "#6A285E": "#f68764",
    "#9C5991": "#ec673e",
    "#9C59919C": "#ec673e9C",
    "#CCA0C5": "#ac2800",
    "#FAF8F9": "#8a2000",
    "#FFFFFF": "#5a1500"
  },
  "ruby-red": {
    "#300727": "#300A17",
    "#6A285E": "#771127",
    "#9C5991": "#AF1C36",
    "#9C59919C": "#AF1C369C",
    "#CCA0C5": "#E12943",
    "#FAF8F9": "#DA5163",
    "#FFFFFF": "#F57B78"
  },
  "white": {
    "#300727": "#171717",
    "#6A285E": "#424242",
    "#9C5991": "#797979",
    "#9C59919C": "#7979799C",
    "#CCA0C5": "#C0C0C0",
    "#FAF8F9": "#FFFFFF",
    "#FFFFFF": "#FFFFFF"
  },
  "white-blonde": {
    "#300727": "#2D061B",
    "#6A285E": "#642442",
    "#9C5991": "#935065",
    "#9C59919C": "#9350659C",
    "#CCA0C5": "#C18F8A",
    "#FAF8F9": "#ECDEAE",
    "#FFFFFF": "#FFF1C1"
  },
  "white-blonde2": {
    "#300727": "#1C0E06",
    "#6A285E": "#7D5D5D",
    "#9C5991": "#A87D52",
    "#9C59919C": "#A87D529C",
    "#CCA0C5": "#C0AB81",
    "#FAF8F9": "#EDDF95",
    "#FFFFFF": "#F6F6F3"
  },
  "white-cyan": {
    "#300727": "#6FA6E8",
    "#6A285E": "#98C2F0",
    "#9C5991": "#BCDDF5",
    "#9C59919C": "#BCDDF59C",
    "#CCA0C5": "#E6F9FC",
    "#FAF8F9": "#F5FFFD",
    "#FFFFFF": "#FFFFFF"
  }
}